"['2001VN71', 0.4057156080662083]","['2004US10', 0.1054108312002657]","['2009DN143', 0.43476853282001493]","['2011UA411', 0.07779440299041333]","['2011UQ410', 0.33164358042962916]","['2011UR410', 0.43525590677679543]","['2011UU410', 0.651283843409087]","['2011UY410', 0.07671614697829864]","['2012UG177', 0.450341994327494]","['2013GE137', 0.3408517849938302]","['2013GG137', 0.44188118168950596]","['2013JA65', 0.22459809069131745]","['2013JE65', 0.1344021917535971]","['2013JF65', 0.0953475174767899]","['2013JG65', 0.24238611565672602]","['2013JH65', 0.2032352153022569]","['2013JK65', 0.4242721708475411]","['2013JL65', 0.13316365053864193]","['2013JU64', 0.8804671809862038]","['2013JZ64', 0.13903713280121358]"
"['58534', 0.22801802234985447]","['66452', 0.3252340107306334]","['86177', 0.4237476072070178]","['137294', 0.40958124796269335]","['160091', 0.1479622217360658]","['182294', 0.302663092753131]","['363401', 0.3969968753059907]","['385199', 0.4358260656329722]","['385458', 0.699443085399376]","['455209', 0.2157748193126258]","['1998WG24', 0.39541780307324337]","['1998WX31', 0.23908203882487766]","['1998WY31', 0.12335964948974072]","['1999CC119', 0.6293072741040152]","['2000WM183', 0.5234152178594051]","['2000WN183', 0.5832957589310142]","['2000YF2', 0.35347565246859014]","['2001OQ108', 0.3699999456101536]","['2001QP297', 0.354228435015843]","['2002CZ224', 0.3396614245499396]","['2002VD131', 0.260961352531323]","['2003GF55', 0.3092230479208731]","['2003QO91', 0.09044427578858033]","['2003UZ291', 0.41436415441659386]","['2004ES95', 0.06652620492222702]","['2004HN79', 0.6659624220389889]","['2004PB108', 0.4302152839532761]","['2004XX190', 0.3342295857273534]","['2005EB318', 0.21663572148929885]","['2005EN302', 0.36285471286452936]","['2006CH69', 0.5329541490518301]","['2006HW122', 0.45024400403975695]","['2006JV58', 0.3262344502863078]","['2006QF181', 0.5110127731201526]","['2007CQ79', 0.2047063580330683]","['2007FM51', 0.5025965945468117]","['2010TP182', 0.2750717945926568]","['2011UD412', 0.3152875999843061]","['2013EM149', 0.05896357338200252]","['2013UL15', 0.5426163742872797]","['2013UM15', 0.3144713218701477]","['2014TE86', 0.5066221718138756]","['2015BW518', 0.13900647913334666]"
"['126154', 0.39876451106536304]","['420356', 0.2598879825839758]","['2001QD298', 0.2716452328278482]","['2001QO297', 0.4891893050256148]","['2001XR254', 0.48778493882664375]","['2002GH32', 0.7060896932938154]","['2002VT130', 0.45291444391234775]","['2003QA112', 0.4608296200678331]","['2005JA175', 0.338141028654147]","['2010MQ116', 0.4454750372129088]","['2010RF64', 0.6528833116690033]","['2012HG84', 0.39152259368524023]","['2012UB178', 0.43726847102571786]","['2013LY35', 0.12751701247410877]","['2014BZ57', 0.6052887922909047]","['2014DF143', 0.11956894494098437]","['2014DK143', 0.39060337088642433]","['2014HZ199', 0.6877989493582783]","['2014LO28', 0.36680529672609197]","['2014QZ441', 0.6142680225899022]","['2014SH349', 0.5872059866236128]","['2014TD86', 0.47583730385380146]","['2014WG509', 0.28952284490426916]","['2014WJ509', 0.38897507174365653]","['2014WW509', 0.11897652424269141]","['2014XR40', 0.40922135370728285]","['2014XS40', 0.345988665860195]","['2015AN281', 0.8069914304702195]","['2015FG345', 0.5533384971526787]"
"['79978', 1.241303649980786]","['2004OJ14', 0.615486485891777]","['2005CG81', 0.9959999833984727]","['2005SD278', 0.6823821636793697]","['2007LE38', 0.8773172578669086]","['2012FH84', 2.017084890597332]","['2012OL6', 1.1986243209652065]","['2015GP50', 0.32555090898493233]"
"['60620', 0.3319819454265065]","['85633', 0.1722242594268677]","['86047', 0.4054350314810119]","['118378', 0.27636823744433925]","['119066', 0.24496802190088693]","['119067', 0.4657705588294692]","['119070', 0.13985342889243207]","['129772', 0.25098776422807567]","['135024', 0.0576709601374694]","['135742', 0.13704170199007665]","['160147', 0.3854139858506618]","['181708', 0.18387126404011303]","['182222', 0.19132804704987758]","['385194', 0.3428593058074135]","['385446', 0.3021664033792575]","['385447', 0.3128188812238296]","['444025', 0.3637989465471783]","['1996RQ20', 0.5131331927281519]","['1997CT29', 0.2825728922303293]","['1999HG12', 0.3855492751108676]","['1999HH12', 0.1973627146540745]","['2000CE105', 0.2151108243099249]","['2000CF105', 0.21589371651888395]","['2000WV12', 0.20898599595085784]","['2001FK193', 0.2930684661856729]","['2001HA59', 0.339282380952541]","['2001QE298', 0.01168053305093121]","['2001XU254', 0.27008714847118304]","['2002CU154', 0.15846552161948643]","['2002PD155', 0.4296258002553807]","['2003FM127', 0.0963574967281941]","['2003HG57', 0.31311020490741787]","['2003QV90', 0.272701360612431]","['2003QX90', 0.16603565495711395]","['2003QY111', 0.36855218430805614]","['2003TL58', 0.22249445862105763]","['2003YJ179', 0.2328963150161339]","['2003YR179', 0.44910207079301756]","['2003YS179', 0.17381888930570477]","['2003YT179', 0.403563176564969]","['2003YX179', 0.1355344272562081]","['2004EP95', 0.2203772917486637]","['2004HK79', 0.26363586312899956]","['2004OQ15', 0.1596797237212066]","['2004PW107', 0.24504127950814758]","['2004PW117', 0.4615088713289901]","['2004PX107', 0.26360261752949515]","['2004SC60', 0.3891261004096764]","['2004VF131', 0.06344689764257848]","['2004VU75', 0.16463274033437897]","['2005BV49', 0.16749480850776166]","['2005GX186', 0.2992030983164855]","['2005SF278', 0.10745207748540575]","['2006BR284', 0.22685613852014386]","['2006UO321', 0.16505649429603358]","['2006WF206', 0.23711111692409736]","['2010TG192', 0.33778060412703614]","['2010TL182', 0.2631558215148622]","['2011BS163', 0.360455394038096]","['2011UE412', 0.37288803252565744]","['2013BN82', 0.08590115062347124]","['2013GV137', 0.14493428604993217]","['2013UO15', 0.36926447375033894]","['2014AL55', 0.14531526298845387]","['2014UD225', 0.3086673711984305]","['2015FP345', 0.07288990261122578]"
"['469615', 0.6339493600803157]","['471196', 0.4299761856261405]","['471318', 0.49792813495547666]","['2000KK4', 0.3933137998542913]","['2008AQ118', 0.506353998025148]","['2008QB43', 0.8152644097300799]","['2008SP266', 0.15513537788552315]","['2010AH2', 0.5684140254477394]","['2010RD188', 0.6787263216352363]","['2010RN64', 0.3301967056204946]","['2010VR11', 0.37739876560366875]","['2011OA60', 0.6120360267002816]","['2012DW98', 0.23309140964527406]","['2013MA12', 0.41697543528018643]","['2014BX64', 0.8038605106565991]","['2014EA52', 0.4732484300308639]","['2014GW53', 0.23060400365997247]","['2014KW101', 0.4879982761320107]","['2014LP28', 0.4207241468170963]","['2014MY69', 0.7168451781199113]","['2014UP224', 0.35499450799718]","['2014VU37', 0.8310297678659035]","['2014WU509', 0.5431089213482583]","['2014YB50', 0.5427663248989257]","['2015BQ518', 0.500825695347341]","['2015OV79', 0.6820795022514352]"
"['385571', 0.4652856135298413]","['385695', 0.24970677479333447]","['2005TN53', 0.6485757130674504]","['2008LC18', 0.23206445786099322]","['2010TT191', 0.34129356567428687]","['2011HM102', 0.2950921759650692]","['2011SO277', 0.6215841260602138]","['2014QO441', 0.0713754395709165]"
"['126719', 0.6700405179454214]","['469505', 0.3465238059772915]","['2000QL251', 0.12700238015558274]","['2001FQ185', 0.2443729523346549]","['2002PU170', 0.4242306847746859]","['2003HX56', 0.6711471125205776]","['2003LD9', 0.4272110605998663]","['2004HP79', 0.18831958476069016]","['2004MV8', 0.5908730642819822]","['2004TV357', 0.08406345626508181]","['2005JK186', 0.4077261148838465]","['2012DX98', 0.5216814531053069]","['2012KW51', 0.3032487304230964]","['2012SB67', 0.7002721578398815]","['2012VR113', 0.13191013311814834]","['2013GG138', 0.28760260368961443]","['2013GQ136', 1.0763069189389272]","['2013UK15', 0.5794458600314298]","['2014GE54', 0.1303032974074853]","['2014QL441', 0.980493860391587]","['2014UT224', 0.10890058987507958]","['2014WT509', 0.44408019942907356]","['2015GS50', 0.18115724140878856]"
"['2014FZ71', 0.0]"
"['76803', 0.5721920271863347]","['82157', 0.4302429888578763]","['1998HN151', 1.1229926415688762]","['1999OJ4', 0.35246264675631694]","['2000KL4', 0.5495513402646615]","['2000OB51', 0.9558969245345162]","['2000YB2', 0.4598856559891086]","['2003FD128', 0.19521569073400458]","['2003QA92', 0.5873818347351482]","['2003QQ91', 0.5095478567154522]","['2003YL179', 0.5817391223329328]","['2004KD19', 0.24533971714975325]","['2004OP15', 0.4456446704425988]","['2006AO98', 0.5272642021563889]","['2013PW74', 0.3058267700463052]","['2014DJ143', 0.7906437598351006]","['2014HV199', 0.9325331853798513]","['2014KS101', 0.771357652213303]"
"['2013FQ28', 0.5557780622191708]","['2014JM80', 0.937005362827786]","['2015FJ345', 1.4226853564180229]"
"['15809', 0.42891390710338223]","['143751', 0.2921789284122188]","['434709', 0.47998214697180674]","['469420', 0.42508727368877003]","['488644', 0.34710643585577095]","['1999RT214', 0.3731936579075917]","['2000PL30', 0.6347265318172535]","['2000PU29', 0.20295791630140536]","['2000ST331', 0.6688573705505898]","['2001QF331', 0.31543115483684575]","['2002VV130', 0.5190399660066264]","['2004HL79', 0.5347222214551179]","['2004VE131', 0.5175914246675104]","['2006SE415', 0.5088380870055453]","['2011UH412', 0.38442279014904307]","['2011UJ411', 0.4172649221375191]","['2011UJ412', 0.42233153395462075]","['2011UL411', 0.6755619402916139]","['2011UM411', 0.6842559056335072]","['2011UN411', 1.2307150585451336]","['2011UO411', 0.6897941501282705]","['2011UX411', 0.5150489570399323]","['2012UP177', 0.5500970337605412]","['2013GR137', 0.3876760511463741]","['2013JG64', 0.6883787439389534]","['2013JM64', 0.16560792482077422]","['2013JO65', 0.2777090155089331]","['2013JS64', 0.5229329240504744]","['2014OL394', 0.41872461244674025]","['2015PL312', 0.5301466357972163]"
"['15836', 0.5937440510817835]","['131695', 0.90246133107169]","['143685', 0.1364596879618457]","['1999RW215', 0.27312348620772575]","['2002FW6', 0.33527377435706546]","['2004HM79', 0.48284402114017505]","['2004TX357', 0.528163913432476]","['2005CF81', 0.22535684609535528]","['2005ER318', 0.468366367588611]","['2006TO130', 0.47796759882245404]","['2010LP68', 0.8730997551716405]","['2011UA413', 0.5136225326409221]","['2011UZ412', 1.1820889110100592]"
"['38628', 0.4900434225549867]","['47171', 0.375498110980537]","['55638', 0.29880098086237317]","['84719', 0.08834834014453541]","['444745', 0.18361566948928507]","['469372', 0.11007776772224129]","['470308', 0.5597680209331508]","['493480', 0.7491801188111071]","['2001KD77', 0.4536703282608165]","['2002XV93', 0.32527376926254037]","['2010EL139', 0.19993407681040112]","['2010JK124', 0.20575561841023599]","['2013HU156', 0.2980688679805814]","['2014JP80', 0.16795290822158918]","['2014JR80', 0.15186093024876007]","['2014QX441', 1.0514529146651916]","['2014WQ510', 0.36854162189870465]","['2014WZ509', 0.8202515099938756]"
"['181855', 0.6664992127755263]","['182926', 0.4948320323925297]","['1994ES2', 0.4651147838258628]","['1996KV1', 0.37963411842978323]","['1999CJ119', 0.17712196773287292]","['1999CM153', 0.38608845481545695]","['1999OC4', 0.6837975292220018]","['1999RY214', 0.345633653662667]","['2000FF8', 0.2631543914907784]","['2000FT53', 0.48538518439811507]","['2000PG30', 0.2637964807616755]","['2000PN30', 0.6974378519550367]","['2000YX1', 0.43446011555484243]","['2001KE77', 0.467565887735235]","['2001KW76', 0.6049851464693848]","['2001SE291', 0.1579063629021456]","['2002PC171', 0.6719728152964618]","['2002VF130', 0.6586928012152092]","['2003UN292', 0.48789313609586954]","['2004PZ107', 0.38239519691285234]","['2004VA131', 0.3217925621650024]","['2006HN122', 0.5288697173775314]","['2007FP51', 0.8405525255191426]","['2009KL30', 0.43075251838079254]","['2011JX31', 0.762168210146649]","['2011UF412', 0.7551665339258627]","['2011UZ411', 0.3413732767574013]","['2011XJ4', 0.5025633175592714]","['2013GQ137', 0.3671230013705745]","['2013GU137', 0.5387501040007676]","['2013GY137', 0.49529092213094156]","['2013HR156', 0.5548505405769296]","['2013UN15', 0.3020786623931837]","['2014UF224', 0.30888184026439014]","['2015FW392', 0.38934521029389646]"
"['79983', 0.14348450227413073]","['138537', 0.25171598244464677]","['307251', 0.7805021047658156]","['385362', 0.30909018450164766]","['471921', 0.8304697527397186]","['1999CL119', 0.6557449483072539]","['2000CG105', 0.4488036917876709]","['2000CQ114', 0.5321940620382375]","['2001KH76', 0.36172640391206057]","['2001QA298', 0.5740421756158837]","['2001QC298', 0.35224290166818495]","['2002CX224', 0.22548801687875628]","['2002CY248', 0.8845286311537727]","['2003QR91', 0.4173835659266271]","['2004DH64', 0.2269774986891832]","['2004HD79', 0.5323211615747642]","['2004PV117', 0.48378670885415914]","['2004VD131', 0.46028291319049497]","['2005JR179', 0.6599224641534537]","['2005PL21', 0.5170883092332829]","['2006JU58', 0.5365019994294182]","['2010RE188', 0.5665914474675999]","['2010TK192', 0.6701447129703755]","['2012FK84', 0.3634370230720173]","['2012TE324', 0.2792048896966844]","['2013FB28', 0.48904891197543576]","['2013JV63', 0.552360817828742]","['2014CQ23', 0.6117932193420238]","['2014DL143', 0.6336438752457889]","['2014GT53', 0.5316511680031756]","['2014HW199', 0.21591403790023975]","['2014MB70', 0.13310333733985133]","['2014MZ69', 0.27359063965116726]","['2014OB394', 0.31801369664452345]","['2014OH394', 0.5995250311699664]","['2014OZ393', 0.27816798295202344]","['2014QF433', 0.2431192489236902]","['2015FL345', 0.5033116624514038]","['2016FP59', 0.479070840162114]"
"['45802', 0.35180489292903633]","['118698', 0.17679810410542457]","['134568', 0.1648018309262652]","['1999CN119', 0.38989548517652817]","['1999CS153', 0.09422338983541052]","['1999CW131', 0.2697270992542991]","['1999DH8', 0.6431322453295725]","['1999KR18', 0.23312195164041563]","['1999RR215', 0.3546779762475291]","['1999RV215', 0.9613231795524215]","['2000FC8', 0.22924368341891158]","['2000FX53', 0.1250804664867741]","['2000GY146', 0.35176989615537413]","['2000PM30', 0.3308551396604212]","['2000PW29', 0.4407769726088923]","['2000SY370', 0.21480988343500515]","['2001OG109', 0.2724571442850423]","['2001OZ108', 0.5066482696720728]","['2001QW322', 0.36011959164367685]","['2003QX91', 0.4547389816275222]","['2006SF415', 0.6114917362873105]","['2009KO30', 0.7095581568559235]","['2011HF103', 0.7981812277003053]","['2011JY31', 0.7440824107484336]","['2011UB412', 0.31250302068105]","['2011UC412', 0.4747562004173453]","['2011UU411', 0.22971856117791709]","['2011UV411', 0.43061604815954063]","['2011UW411', 0.3987148058637473]","['2012UM177', 0.593863395353257]","['2012YO9', 0.3732219344751347]","['2013GA138', 0.32264095739672094]","['2013GC137', 0.5427626736705075]","['2013GD138', 0.20128821035576522]","['2013GR136', 0.24666665490519474]","['2013GS137', 0.33309001372449576]","['2013GU136', 0.3891745092231621]","['2013JQ65', 0.502532485925477]"
"['42301', 0.53835978287451]","['48639', 0.7837275094243699]","['2014EZ51', 0.6445106701762718]","['2014OJ394', 1.0225805319708536]","['2014WK509', 0.9771746486018401]"
"['19308', 0.43786322360000896]","['20000', 0.7202134609465872]","['50000', 1.764461737769099]","['55636', 0.9953650839048305]","['120178', 0.37078476590371295]","['145453', 0.24576141532731458]","['202421', 0.7157937929745013]","['308193', 0.4882655519226389]","['386723', 0.9860751251759651]","['444030', 0.6229213503011428]","['472271', 0.65624465297724]","['2010VK201', 0.3541883644723316]","['2014FT71', 0.6784544275646137]","['2014TZ85', 0.6477680599819559]","['2015AJ281', 0.7929018357396161]"
"['15883', 0.5049155581665086]","['443843', 0.13677358487310115]","['455171', 0.6350383758931585]","['455206', 0.1545431649537186]","['491768', 0.5594714529873277]","['1995DB2', 0.4252202120082751]","['1995WY2', 0.17846327342507695]","['1999CB119', 0.3999860643071178]","['1999OG4', 0.7226663644293593]","['1999RG215', 0.1793480709074556]","['1999RV214', 0.7122273844541873]","['1999RX214', 0.6027634478383941]","['1999RX215', 0.4753215710221208]","['2000JF81', 0.4607383137318457]","['2000PD30', 0.21828519653711015]","['2002CT154', 0.2519749100872862]","['2002FV6', 0.5489683296206692]","['2003QS91', 0.4671279616434869]","['2003YU179', 0.20587146410325977]","['2003YV179', 0.5074442771051202]","['2004HC79', 0.22274408074419202]","['2004KJ19', 0.6290700367476625]","['2004LW31', 0.44744373671377663]","['2006HP122', 0.31530117604386704]","['2006QR181', 0.07822817033804602]","['2007CR79', 0.6515015028572322]","['2007RX326', 0.6714850765225986]","['2009DR143', 0.5011443798213648]","['2011UG412', 0.6140612541932641]","['2012BV154', 0.3024338441748754]","['2013AQ183', 0.4970451799254723]","['2013JM65', 0.24435430625509333]","['2013JR65', 0.819538944818097]","['2013JT65', 0.8413476518533616]","['2013TM159', 0.48256589840621766]","['2013UP15', 0.4135754831892782]","['2014FG72', 0.5878753951890624]","['2014OA394', 0.40286449499831806]","['2014ST349', 0.13406548157406872]","['2014WV509', 0.5760749258318585]","['2015BN518', 0.5147331979759988]","['2015BO518', 0.5183446364833466]","['2015FS345', 0.1867707637158737]","['2015GQ50', 0.32797347881905986]"
"['33340', 0.29831519254691174]","['47932', 0.08575546882572195]","['168703', 0.3838835253749817]","['307463', 0.3041848996467697]","['450265', 0.3909764029790034]","['469421', 0.378877367447054]","['471150', 0.6993968096698883]","['2000CK105', 0.1339679161183756]","['2001KY76', 0.16274189592820262]","['2001RU143', 0.17484184566040892]","['2001RX143', 0.18606570643312015]","['2002GF32', 0.3320992411474504]","['2003FL127', 0.14872479145607745]","['2003QB91', 0.1050925632299083]","['2004VT75', 0.21004596182708382]","['2007JF45', 0.2679133150905996]","['2008SO266', 0.28665943951507994]","['2010LB136', 0.3299638745975618]","['2010VX11', 0.2752139734220955]","['2010VX224', 0.30572159683299177]","['2011UT410', 0.2998430725472114]","['2011VJ24', 0.2103790017895715]","['2012DB99', 0.16477338228792807]","['2013CD223', 0.3472040441616899]","['2013FD28', 0.20515298864102166]","['2013PX74', 0.25553618903376724]","['2014DR143', 0.3668583512977716]","['2014JK80', 0.2809519135969664]","['2014KU101', 0.18551629924816182]","['2014KY101', 0.34508566725241335]","['2014MH70', 0.3092203747671002]","['2014OG394', 0.7327926667865716]","['2014WQ509', 0.38691030339944876]","['2015BG519', 0.6776970334146812]"
"['181868', 0.535950157969106]","['2001FL193', 0.8577768498989854]","['2003UY291', 0.7789836543532097]","['2006SH415', 0.37935250050918456]","['2009DS143', 0.5431748188878316]"
"['33001', 0.4174881446275843]","['88267', 0.345515902132937]","['134860', 0.4283014357540948]","['160256', 0.23976472287237136]","['308634', 0.3928307435758028]","['385201', 0.2762127210524341]","['469361', 0.2600114216827183]","['469610', 0.26029841269465814]","['472232', 0.35484110178210576]","['1996TK66', 0.40690842582884085]","['1998WX24', 0.346986639813311]","['1998WY24', 0.27807493468099226]","['1999XY143', 0.27718592794454644]","['2000CL105', 0.04510931031233815]","['2000ON67', 0.34563147671782873]","['2000OU69', 0.18266411397928992]","['2001DB106', 0.16685268446597207]","['2001HZ58', 0.34240397942765]","['2002FW36', 0.42456102678523056]","['2002PV170', 0.4077197055946993]","['2002VB131', 0.14855833168098015]","['2003QE112', 0.1150360150413624]","['2003QL91', 0.298099851933628]","['2003QY90', 0.307781713237216]","['2003SQ317', 0.5512392314068162]","['2003UT291', 0.2765296800884064]","['2004MT8', 0.12018331217305261]","['2004PT117', 0.4384432657619604]","['2004UD10', 0.34030962654527763]","['2005JP179', 0.2896233883944213]","['2007VJ302', 0.4205877987472586]","['2009UF156', 0.21033024720552135]","['2010TD192', 0.4426511621275845]","['2010TF192', 0.34041406435628746]","['2012CS57', 0.3334710105798933]","['2012DA99', 0.32443103235405985]","['2012DZ98', 0.37218124554501114]","['2012TF324', 0.3853672512903764]","['2013FH28', 0.3707988311866866]","['2013JV65', 0.35740911115029506]","['2014DE143', 0.41742782313407006]","['2014HU199', 0.12506996132442552]","['2014LS28', 0.39191469812125784]","['2014MG70', 0.4895037129281531]","['2014TW85', 0.4042550341763645]","['2014WX509', 0.41150292471465166]","['2015FM345', 0.5499182014911864]","['2016FW59', 0.44967876055864586]"
"['1997RX9', 0.6605087761714118]","['1998HL151', 0.27197793961069466]","['1998HO151', 0.43884817954731403]","['1999CK158', 0.22127455897296427]","['1999OH4', 0.5495316573375518]","['2003YM179', 0.04119439250530464]","['2004QE29', 0.5420774068171398]","['2005JB186', 0.5503500096557591]","['2011UK412', 0.27648660742332315]","['2012UL177', 0.6484143774930811]","['2012UO177', 0.6527781696195194]","['2013GV136', 0.34352065494001743]","['2013GZ137', 0.5291052699375602]","['2013JN65', 0.6714153098668748]","['2013JP65', 0.33458385920532085]","['2013JS65', 0.5845819455142248]","['2013TH159', 0.6402740933705582]","['2014QU441', 0.28991606726867336]","['2014TT85', 0.45942648629067295]","['2015RS245', 0.6392685428059885]"
"['136108', 1.2300270343301674]","['136472', 1.2300270343301603]"
"['130391', 0.3245996449675556]","['2000PA30', 0.7532025507449065]","['2000YE2', 0.31270680256047606]","['2001FT185', 0.5553749382761725]","['2004KM19', 0.24323376548084802]","['2004PS107', 0.5559544227239998]","['2004QG29', 0.8498204315099611]","['2007TD418', 0.4720098357629257]","['2011UG411', 0.7365972296437961]","['2011US412', 0.23033481409309559]","['2011UT412', 0.31933589784098304]","['2012UT177', 0.4227783196385959]","['2013GX136', 0.4154001654917678]","['2013JE64', 0.26372153144748034]","['2013JJ64', 0.5122945128396429]"
"['19299', 0.09905503342024902]","['69986', 0.0637985815493797]","['91205', 0.21667557033916612]","['129746', 0.2034135596231468]","['168700', 0.1684834193082325]","['385185', 0.13458707248481405]","['438028', 0.2096234659504124]","['1998HH151', 0.031403468565741874]","['1998HQ151', 0.40939179514489027]","['1998UR43', 0.05026700833935701]","['1998WS31', 0.12140555778136027]","['1998WV31', 0.2699304662925176]","['1998WZ31', 0.25997710750818037]","['1999TR11', 0.10972292103391731]","['2000FB8', 0.22093943149664427]","['2001FU172', 0.2505426191676517]","['2002CE251', 0.041730667616531075]","['2002GR32', 0.3452706615057443]","['2002VD138', 0.1360605432829186]","['2002VX130', 0.1370233708653266]","['2003HA57', 0.4238927344342001]","['2003HF57', 0.3443700184884927]","['2003SO317', 0.23084906483231468]","['2003WA191', 0.12876267389577956]","['2004FW164', 0.3139367170610594]","['2004HB79', 0.4169720328602356]","['2004HY78', 0.0595753992189907]","['2004KC19', 0.10548392339892644]","['2004MS8', 0.09303392369150122]","['2004VY130', 0.32360892034009725]","['2004VZ130', 0.36786987063335974]","['2010TJ182', 0.19441158853392254]","['2011UN412', 0.5020709647953537]","['2011UP410', 0.12490477575986371]","['2011US410', 0.28078621213107957]","['2011UW410', 0.058735949107657844]","['2011UZ410', 0.08983214958596088]","['2013GD137', 0.05644487645705267]","['2013GF137', 0.25111272433111925]","['2013GH137', 0.20145516083373521]","['2013GJ137', 0.27319518939156695]","['2013GL137', 0.23306278454001736]","['2013GO136', 0.6313927864114312]","['2013JB65', 0.2617316055125931]","['2013JD65', 0.08735007570007164]","['2014QM441', 0.25271397812905955]"
"['182933', 0.48779950671912314]","['2003FM129', 0.5310541032789383]","['2004QH29', 0.6898728050721982]","['2006WG206', 0.09366340531370648]","['2007FO51', 0.32827894188819506]","['2014FF72', 0.2532338176064445]","['2014GV53', 0.3491503888193953]","['2014MD70', 0.6359569726245599]","['2015UK84', 0.7400832275919834]"
"['486958', 1.0611502829447552]","['2011HE103', 0.5316223491560693]","['2011HZ102', 1.125723457190734]","['2012HE85', 0.5517311798735308]","['2014PN70', 0.2903554083532973]"
"['119979', 0.6329530173124575]","['308379', 0.38326639502632]","['483002', 0.5858831871527294]","['487581', 0.26778107312976757]","['2000AF255', 1.1793450004883959]","['2000CO105', 0.5093101052602634]","['2001KA77', 0.37020243467844277]","['2001UP18', 0.4540228848971107]","['2003UB292', 0.5727547697791341]","['2003UY413', 0.21729020435189378]","['2005CA79', 0.3452398963290465]","['2007PS45', 0.25364820276242916]","['2010RO64', 0.6821405432482706]","['2012JH67', 0.2899485126303797]","['2012XR157', 0.40329317174483614]","['2013EC138', 0.5910861150437595]","['2013HV156', 0.2859519512262433]","['2013JW63', 0.8604002741061765]","['2014AM55', 0.49243952877932606]","['2014DN143', 0.4116927119140857]","['2014DO143', 0.36596568309262695]","['2014JS80', 0.32549843460800465]","['2014WT69', 0.43996727222455334]","['2014XY40', 0.38618412690425036]"
"['16684', 0.35601550935233656]","['53311', 0.1949463597194894]","['60454', 0.3152254400525664]","['123509', 0.13627126166090214]","['183595', 0.268267997682409]","['303712', 0.37617812707782183]","['364171', 0.5273113981833595]","['437915', 0.5626609607595207]","['469438', 0.26296470364937413]","['1996TS66', 0.46430800466009964]","['1999GS46', 0.37066697777462776]","['1999HS11', 0.21932076026524877]","['1999RC215', 0.3526886201676562]","['2000CL104', 0.41457237267684954]","['2000CP104', 0.10142637467926759]","['2000OH67', 0.10347534077900991]","['2000QC226', 0.13152246685485966]","['2001KL76', 0.2683158306457848]","['2001QQ297', 0.2686569677011779]","['2001QQ322', 0.403146165246691]","['2001QR297', 0.31029082630365656]","['2001QX297', 0.28712738956910766]","['2001QZ297', 0.2304803615217892]","['2001RZ143', 0.19942656695643773]","['2001UN18', 0.007980065274651052]","['2002CY154', 0.08502672352505138]","['2002FX36', 0.25660598781836896]","['2002PA171', 0.23103532036674118]","['2002PO149', 0.21908701092608365]","['2002VE130', 0.41224651929519024]","['2002VF131', 0.098757646157344]","['2003KO20', 0.3388758154179101]","['2003QJ91', 0.17816583135647437]","['2003QT91', 0.23376308556864195]","['2003YN179', 0.28424643693032225]","['2004HG79', 0.3844797105617314]","['2004KE19', 0.12180197600632782]","['2004KF19', 0.3923314772662181]","['2004PX117', 0.03207834466111526]","['2004PY107', 0.31704810158365776]","['2004VB131', 0.07570020804652956]","['2004VS75', 0.5243227210897294]","['2005BW49', 0.2101148619538851]","['2005EE296', 0.1704293524224661]","['2005EW318', 0.30101870184658425]","['2005JH177', 0.4032629437739093]","['2005JJ186', 0.4092012437574316]","['2005JY185', 0.3227445436560003]","['2005LA54', 0.1350326604476247]","['2005PS21', 0.2611130865219627]","['2007CS79', 0.21275186798823373]","['2007DS101', 0.30809655455125656]","['2011BV163', 0.1868502856650439]","['2013SQ99', 0.14419022166076415]","['2014GZ53', 0.4344838167334597]","['2014WO509', 0.38872335632390576]","['2014WS509', 0.36428734477911995]","['2015GO50', 0.2869672215675646]"
"['143991', 0.528511195200522]","['149348', 0.4009828135443328]","['150642', 0.19221474742635689]","['184314', 0.294218895908829]","['385363', 0.37660105408963745]","['470596', 0.45938153447862073]","['1998WW31', 0.4927669641695767]","['2000WT169', 0.3483701297104717]","['2004MU8', 0.2787902391145377]","['2005EO304', 0.5814146965701351]","['2010SS43', 0.490869901445665]","['2010VQ11', 0.36980617329450666]","['2013NM24', 0.4035461031395452]","['2013XB26', 0.8388274750846924]","['2014DM143', 0.3539577056310554]","['2014FP43', 0.5361371571883312]","['2014MC70', 0.23043966111582975]","['2014NB66', 0.6634831664422248]","['2014WA510', 0.3449316201970194]","['2014WF509', 0.13729728875771732]","['2015BV518', 0.385199372841022]","['2015PF312', 0.3827589797746224]"
"['181867', 0.7297385756747814]","['181874', 0.4792051827491564]","['182397', 1.151839459620255]","['2002CP154', 0.6011642711553399]","['2010PP81', 0.8110973068717723]","['2013JN64', 1.6322347312301035]","['2013UJ15', 0.3563068371584506]","['2014CP23', 0.7188121216460249]","['2015GR50', 1.1240760227677298]"
"['79969', 0.2214102938387821]","['127871', 0.2765140314521852]","['131697', 0.9196253446831902]","['308460', 0.11834717278983564]","['427581', 0.14903498231862475]","['432949', 1.0458491115787234]","['2002GW32', 0.09159751396092283]"
"['82075', 1.651499358605761]","['84522', 1.0394952901927812]","['2015AM281', 0.8987300671020917]"
"['134340', 2.7755575615628914e-16]"
"['385191', 0.2874682897076967]","['1999CQ133', 0.2531388098941138]","['1999OD4', 0.45865973503001595]","['2002PP149', 0.2574236322863152]","['2003YK179', 0.5551450738075284]","['2004KH19', 0.5865641341506387]","['2005RQ43', 0.4802745458387401]","['2007RL314', 0.7482782208257831]","['2007TZ417', 0.6935543677071199]","['2010TE192', 0.2609503352587776]","['2011UK413', 0.687794169136765]","['2012HL85', 0.668950091770429]","['2013GO137', 0.5840568864625637]","['2013HY156', 0.24969189479594106]","['2013HZ156', 0.3707604532957228]","['2013NK24', 0.49222713794516]","['2013XD26', 0.7297430988576636]","['2014QE442', 0.38852091824968277]","['2014TF86', 0.5416345997731727]","['2014TX85', 0.46082066477622036]","['2015CL62', 0.5727185353260426]"
"['19255', 0.46489572602030144]","['24978', 0.364469399272105]","['49673', 0.313214476944586]","['69987', 0.494841661005866]","['385533', 0.5098107148464943]","['415720', 0.10503388565137714]","['434194', 0.43861363518972424]","['437871', 0.5155729842011688]","['439858', 0.33537953814781446]","['1994EV3', 0.24886550167585123]","['1997QH4', 0.39668235194317836]","['1999CG154', 0.11329565013620323]","['1999CH119', 0.41214919522449406]","['1999CH154', 0.3347207008199062]","['1999DA', 0.544982561815231]","['1999HJ12', 0.12612927911273672]","['1999HV11', 0.2612493143850671]","['1999JD132', 0.41390463136663974]","['1999OK4', 0.4950532959364956]","['1999RW214', 0.13524886318535537]","['2000FH8', 0.5205203271575656]","['2000FS53', 0.19094606466117042]","['2000PC30', 0.16926556706424178]","['2000PX29', 0.42565598880629224]","['2001FK185', 0.28763955329389995]","['2001OK108', 0.20471372112008637]","['2001RW143', 0.19663985255757796]","['2002CD251', 0.46263917983825553]","['2002CS154', 0.2561470844289368]","['2002CZ154', 0.486289143365729]","['2002PX170', 0.3298508571021703]","['2002PY170', 0.5997587055715272]","['2002WL21', 0.33659269247431406]","['2003FA130', 0.4226019064545747]","['2003QD91', 0.431432855951975]","['2003QE91', 0.13259096867837578]","['2003QF91', 0.11771344659707139]","['2003QG91', 0.4320586152340415]","['2003QN91', 0.4414642224477276]","['2003QZ111', 0.34453499554750106]","['2003TK58', 0.34269480998676]","['2003UN284', 0.364093760044053]","['2004DM71', 0.15872010514307724]","['2004HH79', 0.46256441622090827]","['2004KG19', 0.30121659168746245]","['2004PU117', 0.36721547665434756]","['2005CE81', 0.268635551301957]","['2005GD187', 0.1779807646538444]","['2006HA123', 0.4156009645672428]","['2011UL412', 0.3812541839417504]","['2012UN177', 0.36125525861880103]","['2013GB138', 0.06956882395462942]","['2013GC138', 0.11588128922479694]","['2013GT136', 0.5434396609500941]","['2013GW137', 0.4569406741673926]","['2013GX137', 0.34956681909252435]","['2013RP98', 0.3513463082783115]","['2014FX61', 0.6016227803531685]","['2014SN350', 0.681047548679341]","['2014SQ350', 0.468049797916725]"
"['15810', 0.17196416146211127]","['20108', 0.11005264709580173]","['24952', 0.10959678622752282]","['69990', 0.239509702709774]","['91133', 0.1546388331376436]","['131318', 0.0742626610250156]","['169071', 0.31782747182313825]","['456826', 0.25969450665825]","['469362', 0.2177490288491674]","['491767', 0.2750523202809007]","['1995HM5', 0.18448524124095406]","['1999CM158', 0.05653166147040806]","['1999RK215', 0.1257924198818254]","['2001QH298', 0.1346708848108981]","['2002GL32', 0.1850896318479565]","['2002GV32', 0.3285801671117605]","['2003HD57', 0.2432533669098975]","['2003SR317', 0.21898441243745104]","['2004EJ96', 0.2883687640307054]","['2004EV95', 0.25049026799096846]","['2004HX78', 0.21278075092601392]","['2004KB19', 0.2499744734784914]","['2004VV130', 0.3319601952756286]","['2004VX130', 0.15813218147952832]","['2005GF187', 0.20218741399571308]","['2005TV189', 0.3648641453840261]","['2006WS195', 0.31039739291575225]","['2007RY326', 0.6285353329490075]","['2009JZ18', 0.16804509358497627]","['2011UC411', 0.33010731703223806]","['2011UV410', 0.2774084294428205]","['2012UH177', 0.32238366930950424]","['2013HW156', 0.10198218714202395]","['2013JJ65', 0.20326212414942046]","['2013RD98', 0.17342788356408256]","['2014DP143', 0.1863768039934161]","['2014FB62', 0.21477850865025666]","['2014GJ54', 0.15271793612594348]","['2014KD102', 0.3211453385480256]","['2014KX101', 0.17295717839991434]","['2014SK349', 0.12742760882775486]","['2014WR510', 0.16031388653166462]","['2015BA519', 0.18513415826383026]"
"['120132', 0.6261043239223774]","['470316', 0.276090461631529]","['471210', 0.8546322200362049]","['2003QX113', 0.4260865170720173]","['2010RF43', 1.2250121314042213]","['2013PV74', 0.7109894813836937]","['2014UR224', 0.7257183076823159]"
"['19521', 0.4513422242229942]","['174567', 1.0040382155686283]","['470443', 0.24759260515926826]","['2010KZ39', 0.7475590704654189]","['2014BV64', 0.3108939000836053]","['2014OE394', 0.7175788802988533]","['2014WP509', 0.8317224107441799]","['2014YA50', 0.6753343918871577]"
"['66652', 0.28638441053681785]","['79360', 0.5644771550674554]","['88611', 0.19580706316274155]","['119956', 0.5370782033418708]","['148780', 0.3774667354551896]","['182934', 0.40841499841763845]","['275809', 0.23228696202856314]","['307616', 0.6359341873036607]","['363330', 0.14893920876083588]","['385437', 0.34534541442300987]","['408832', 0.37981294751580397]","['416400', 0.6795640925485882]","['469306', 0.770850714711619]","['469509', 0.23699937036781035]","['469514', 0.4838878784903881]","['469705', 0.32685478852303734]","['471288', 0.5783086469362817]","['471954', 0.6966557890275851]","['472231', 0.3749605235791405]","['2000CJ105', 0.23929746681863046]","['2000CN105', 1.012360973601487]","['2000QE226', 0.3277405734482555]","['2001QS322', 0.35333028301982783]","['2002XH91', 0.25995486560609204]","['2003WU188', 0.23099931755965142]","['2004VC131', 0.28079613216815247]","['2005EC318', 0.5214182534887619]","['2005EX297', 0.3758883867071792]","['2005LB54', 0.2911413276952429]","['2007HV90', 0.2893883411554611]","['2010VV224', 0.4955180616456023]","['2012UE178', 0.4431331579368168]","['2013EJ154', 0.2598779044403763]","['2013FA28', 0.32709493411204515]","['2014DD143', 0.4620646452524558]","['2014FY71', 0.5127240201638715]","['2014GU53', 0.5132248749430972]","['2014LQ28', 0.34462972263701785]","['2014LR28', 0.53768429203608]","['2014LT28', 0.3283727570697392]","['2014MA70', 0.6038163582372241]","['2014NZ65', 0.4760158555240103]","['2014OM394', 0.365001991048747]","['2014QA442', 0.6597003723439958]","['2014QW441', 0.7621664579452917]","['2014TC86', 0.23269631316722197]","['2014UE225', 0.4976144778521522]","['2014UQ224', 0.5929000569628771]","['2014WA509', 0.3719238347856604]","['2014WD509', 0.21298250077087075]","['2014WH509', 0.6391318185730499]","['2014WY509', 0.18858074602680278]","['2015BP518', 0.381607976550151]","['2015BT518', 0.39335481425459784]","['2016BP81', 0.39667033443780353]"
"['80806', 0.36517484620800583]","['88268', 0.47245803197234276]","['149349', 0.06903189249007656]","['385266', 0.41598222136672136]","['469584', 0.22853992748885193]","['470027', 0.5855183156564531]","['470523', 0.47417727790498576]","['1997CV29', 0.5903762383874839]","['1998FS144', 0.46644013777028287]","['1999CX131', 0.42659354619363316]","['2000QN251', 0.5909236727660896]","['2001DC106', 0.27104191673525707]","['2002GS32', 0.6565445725459507]","['2003SN317', 0.34844242095382416]","['2004KK19', 0.5478530311553983]","['2005JZ174', 0.41638150660742423]","['2005SE278', 0.4317157786454424]","['2005TN74', 0.5590508901881996]","['2006QQ180', 0.3177824219190818]","['2010TA192', 0.3638201259028629]","['2011CX119', 0.5784966539937857]","['2011UK411', 0.29843838447399534]","['2012BY154', 0.27995846838525873]","['2012TC324', 0.10359128694506886]","['2012UC178', 0.10554382122206317]","['2013RB98', 0.2287892064877829]","['2013UF15', 0.4779296767860472]","['2014OK394', 0.4207275581865976]","['2014TA86', 0.5969396605178715]","['2014WN509', 0.5559780163224599]","['2015FN345', 0.6534870513056452]"
"['15807', 0.29303893097780775]","['52747', 0.5328482859521153]","['85627', 0.10565294447497034]","['148112', 0.3296458418378488]","['181871', 0.3687616612345301]","['183963', 0.40615122311174345]","['444018', 0.4274536476192264]","['468422', 0.13328152303957108]","['1995DC2', 0.22817944436873894]","['1998KS65', 0.36526975634577513]","['1998KY61', 0.33109770934165084]","['1999CM119', 0.31940777274627885]","['1999CP153', 0.3711561062925506]","['1999CU153', 0.24534548626582772]","['1999OA4', 0.6219489898054382]","['1999OZ3', 0.14761557518510054]","['2000CN114', 0.23980585626069476]","['2000FG8', 0.3504111674368581]","['2000FR53', 0.47615761470797746]","['2000GV146', 0.13688750797333854]","['2000GX146', 0.3300023711509596]","['2000OP67', 0.3951186793474379]","['2000PY29', 0.3249501669862765]","['2000WL183', 0.5111556414741276]","['2000WO183', 0.2724427713310826]","['2000YA2', 0.4303985301519844]","['2000YV1', 0.25599702074019415]","['2000YZ1', 0.22751173576067243]","['2001DD106', 0.1912002389184664]","['2001ES24', 0.26879852828047174]","['2001FL185', 0.2815536803707401]","['2001KF76', 0.4563523926288998]","['2001KO77', 0.37792969009710436]","['2001XX254', 0.28384093833612]","['2002CB225', 0.20836393125155123]","['2003HE57', 0.234968791262734]","['2003HH57', 0.03541962723719653]","['2003HZ56', 0.43836355350380646]","['2003QB112', 0.19230621568344455]","['2003TJ58', 0.4300918141616746]","['2003YP179', 0.04347783919268266]","['2004HE79', 0.2810593989653397]","['2005EM303', 0.4882933995139518]","['2005GC187', 0.34179550599007097]","['2006HB123', 0.3625252787378539]","['2009DL143', 0.5202348425706993]","['2011UY411', 0.5089743260910765]","['2013FR28', 0.3599837727471951]","['2013GE138', 0.35125107697979924]","['2013GF138', 0.05573169522786019]","['2013GM137', 0.3299800897932507]","['2013GN137', 0.2972107398350923]","['2013GP137', 0.316842194187839]","['2013GT137', 0.585542597440454]","['2013HT156', 0.30379006930300523]","['2013SP99', 0.24731685294769223]","['2015BU518', 0.4087060651603477]"
"['28978', 0.3776102809211371]","['84922', 0.247290445154633]","['90482', 1.8266050454214595]","['119951', 0.8098219195145612]","['120348', 0.5368018464816787]","['144897', 0.44535217609699673]","['175113', 0.5420354318761947]","['208996', 0.334438448394325]","['455502', 0.40103104733605854]"
"['2007RW326', 0.27175417399479984]","['2011JW31', 0.3814918037130718]","['2011UA412', 0.4004580520491818]","['2011UH411', 0.44434686448867855]","['2011UM412', 0.6569138818909005]","['2012HZ84', 1.161249505939061]","['2013HS156', 0.4609970203018938]"
"['55565', 0.9654313766765685]","['230965', 0.3045352893071609]","['278361', 0.6020007112809777]","['2010FX86', 0.4190745664495383]","['2013FZ27', 0.5883100688016347]","['2014US224', 0.7312056665719124]","['2015BZ518', 0.5735161771807211]"
"['35671', 1.3271015315439496]","['135182', 0.44426444732648046]","['1998UU43', 0.6241865635947665]","['2010VL201', 0.4062163199844626]","['2014DH143', 0.5507712155454128]","['2014DU143', 0.5113278463365092]","['2014QY441', 0.6545637868706535]","['2015BM518', 0.37857106668387647]"
"['24835', 0.5082547311077952]","['55637', 0.7796723757380809]","['90568', 0.33881009818114516]","['120347', 0.13355983573142055]","['145452', 0.5842106463296273]","['307261', 0.526310969911489]","['315530', 0.704744063735602]","['2010OO127', 0.5790662605209227]"
"['15789', 0.12997458730260475]","['32929', 0.3190225327629001]","['38083', 0.31360378651619103]","['118228', 0.1035432061490084]","['119069', 0.17744359326305306]","['119473', 0.32699819380710005]","['126155', 0.24299850209799384]","['133067', 0.30805903629070563]","['139775', 0.10718974922934921]","['306792', 0.09788521400172587]","['341520', 0.19832494260919084]","['385445', 0.35272728781399787]","['427614', 0.7078126872588959]","['469506', 0.25253734635037967]","['469704', 0.25832102106877375]","['469707', 0.09467404287666734]","['1996RR20', 0.2527886895747058]","['1998WV24', 0.4934001942427402]","['2001PK47', 0.33859326256257877]","['2002CW224', 0.1313023229636904]","['2002GE32', 0.11951609943140469]","['2002GH166', 0.16110721642609604]","['2002GW31', 0.11378280122231212]","['2002GY32', 0.13904327994386936]","['2003QX111', 0.4499246497600025]","['2003TH58', 0.3425442846425447]","['2003UT292', 0.20670399480613735]","['2003UV292', 0.2448228957498885]","['2004FU148', 0.37668469603591054]","['2004HA79', 0.19895246778739273]","['2004HZ78', 0.30442271382823705]","['2004PA112', 0.6160505356385686]","['2004VZ75', 0.12074641233040796]","['2005CD81', 0.21085085421012004]","['2005EX318', 0.10300086856877082]","['2005EZ300', 0.25383444868030636]","['2005GA187', 0.26926721423890654]","['2005GV210', 0.28794143162020647]","['2005VA123', 0.16368145013862695]","['2006TP130', 0.4499924896640731]","['2006UZ184', 0.29992180592759804]","['2007RT15', 0.2887678467538889]","['2010TM182', 0.1435171852062064]","['2010TN182', 0.15536242535133962]","['2011UD411', 0.1052481212735675]","['2012TD324', 0.16975784922172163]","['2013GK137', 0.29666501121045824]","['2013QO95', 0.5866547865504882]","['2014GC54', 0.1540463693542581]","['2014GF54', 0.033971918903389395]","['2014GY53', 0.13050055343369982]","['2014HB200', 0.23762433956511955]","['2014HD200', 0.328885437870682]","['2014HT199', 0.25663496380279516]","['2014HX199', 0.0878263162187261]","['2014JL80', 0.3107294100208257]","['2014JQ80', 0.1966784478044221]","['2014JT80', 0.28465316974190813]","['2014KC102', 0.11820634492108033]","['2014KV101', 0.2525220402634697]","['2014MF70', 0.34369133809240804]","['2014RQ63', 0.18117259527310842]","['2014UU224', 0.057022329418041834]","['2014WC510', 0.16088032163257202]","['2014WF510', 0.27655064534043283]","['2014WG510', 0.43536186663776877]","['2014WO510', 0.1332405888420057]","['2014WP510', 0.22857948154311716]","['2014XT40', 0.14180403841922173]","['2014XU40', 0.08769783441444595]","['2014YG50', 0.1810911169773722]","['2014YJ50', 0.2281256350224768]","['2015FO345', 0.8017474291318581]","['2015FR345', 0.30684867248866327]"
